MSE,RMSE,MAE,R2,MAPE
236539744.0,15379.848633845522,4380.0498046875,0.9999997019767761,0.006194966576698156
